F7HWLFV0W9,nicole gardner,nicole.gardner@gmail.com,(241)-270-5236,-0ymyvhPwFM20uu
OGTAGFRE5N,clifton ryan,clifton.ryan@gmail.com,(211)-006-0159,nwm&$u!h!yhu&dC
RJ5J6XOAH9,ernest pena,ernest.pena@gmail.com,(703)-143-0739,fsLz1dminmHqv05
WEA5PTY3MP,stanley morrison,stanley.morrison@gmail.com,(078)-293-8695,7LEo%laOjaocRlT
S1YD6SMWKJ,albert harris,albert.harris@gmail.com,(450)-108-5163,ykDiU250F1N2fsu
Y59SHQF3R2,douglas mitchell,douglas.mitchell@gmail.com,(887)-191-3037,Rkv6GwLGuDqIxKk
2VPTOVRCVW,wade fields,wade.fields@gmail.com,(288)-947-3268,sv-8NK7UeHhkJ9h
BF9VU5I984,billie peterson,billie.peterson@gmail.com,(685)-877-7590,WEyLVyufdzhlKaA
I42TSSAMUY,felecia medina,felecia.medina@gmail.com,(453)-248-1900,gaK1EkA0PjRPZV-
SM7LAJLSTF,vernon horton,vernon.horton@gmail.com,(185)-531-2602,&kUHiVeWETOOyaz
T2O77OEVU1,brandon ruiz,brandon.ruiz@gmail.com,(651)-679-7690,QAg1r6uYnU0hU2a
Y6UMOX7S2V,sheila jenkins,sheila.jenkins@gmail.com,(814)-948-4196,iNu2X-IMY63zrDv
7LJ53CRYYU,mary james,mary.james@gmail.com,(286)-098-7265,HNt70kJae-mXP#f
WXV6O1ACIL,lorraine kelly,lorraine.kelly@gmail.com,(264)-334-1218,7N#AzB@NLf7e83e
JT1YF6D5MD,samantha peterson,samantha.peterson@gmail.com,(275)-943-2405,D1acOWDzcmmQR2J
BPRD499442,leonard george,leonard.george@gmail.com,(795)-663-6412,DsEj5izajoYacS%
67YVW1V8L6,juanita rice,juanita.rice@gmail.com,(671)-947-3598,ugvGW%rdFy@cIHb
P0TDEOAXRG,pedro day,pedro.day@gmail.com,(911)-912-5010,mS0gIoXZ!iXavEd
OQSG0SOCB5,perry oliver,perry.oliver@gmail.com,(769)-828-3045,9ZIYq2%1IUtn&cn
D3OJ348R6K,vanessa long,vanessa.long@gmail.com,(807)-211-8517,#TS3cAv@&c1u44g
5B4VNXPD5N,todd gardner,todd.gardner@gmail.com,(811)-643-7055,k0@lK6d#K1#mKI7
SKP7SEFIOI,corey miles,corey.miles@gmail.com,(386)-078-6028,rbg@l6c@z0cLd8W
03NC5COXNR,gregory hoffman,gregory.hoffman@gmail.com,(025)-098-6056,E4rIbq9CU4%rnS2
07U7U4GM0R,francis patterson,francis.patterson@gmail.com,(863)-168-1222,q7S!q&9gQ5sN0Jj
WNB32OB3IC,alexander stone,alexander.stone@gmail.com,(232)-770-9947,J3vLy$EKfG&$eHB
X7KTWG5NPE,jeremiah edwards,jeremiah.edwards@gmail.com,(549)-785-0735,XsGhmm9ykaWcx@H
G5P656TF51,jackie cooper,jackie.cooper@gmail.com,(296)-989-4091,4hvP&p@t7gKcdwt
BOAOEYCVPT,gabe graves,gabe.graves@gmail.com,(159)-834-6383,EeXVZpUhW%KZ@vP
9L93K4YR6J,kristina warren,kristina.warren@gmail.com,(364)-681-2702,kXMXjR6mWQjY%TH
B4OV91U00D,monica gordon,monica.gordon@gmail.com,(088)-500-8997,zJ97&KHx&WV@ppP
JRKU2BVNTJ,jessie lane,jessie.lane@gmail.com,(933)-202-2744,irq3EIFCT#4MLCe
5DCDRURSC1,annie graham,annie.graham@gmail.com,(718)-012-6409,A&PlxyyYcO%nXyv
XBGBJXK9HJ,marjorie lee,marjorie.lee@gmail.com,(253)-958-1076,&A@4t7mRDGhMTFm
EGV5E63MG4,ava ross,ava.ross@gmail.com,(639)-601-2020,inkt4@sZXkDIJIm
C6STH5T83G,joann fleming,joann.fleming@gmail.com,(660)-677-5751,eGcXqx$UNH&fzlh
JD34P85LTM,vincent watts,vincent.watts@gmail.com,(325)-355-4786,4sahwD9zATKfey-
T66EHRLKJ2,clarence watson,clarence.watson@gmail.com,(449)-311-0570,lTw0nOmrWeMCFeH
AQ360DMD4P,annette rodriguez,annette.rodriguez@gmail.com,(104)-868-3221,$$bjzYxZZv9NgzI
4NEA05LTP8,brianna carr,brianna.carr@gmail.com,(216)-554-8953,1@dLxLQBUaVTBh0
AS08YW7EOG,theodore little,theodore.little@gmail.com,(979)-132-2461,D6u&g7dS%M8HMem
RWQ2S9LALF,emily rodriquez,emily.rodriquez@gmail.com,(524)-230-7590,QpzZTO6-VGQxmX5
TOMXAJ7N4D,tony beck,tony.beck@gmail.com,(314)-580-1470,ul0WdPdXtZJrwUj
5QQITLD19C,abigail pearson,abigail.pearson@gmail.com,(593)-342-3209,5Q2a0XMoA-pd36-
DRAQ08SVU0,ramon phillips,ramon.phillips@gmail.com,(771)-135-1784,mnsOZgUn!0&QzG9
W868GRC6US,annie hughes,annie.hughes@gmail.com,(421)-842-1957,T9tJh4ymsO2glcI
D0LUKTKXQI,jesus may,jesus.may@gmail.com,(516)-612-6406,Nyng8crIpe6M32B
O3V623ULGX,savannah bradley,savannah.bradley@gmail.com,(447)-707-1704,gXtNF-nr8YQj8N#
Y0U4X8T9PF,pedro obrien,pedro.obrien@gmail.com,(807)-038-8285,VNAiL0WeWn4Lg8m
0CGJXD8NYH,jeffrey matthews,jeffrey.matthews@gmail.com,(892)-700-6875,vLIJy9#!7p!%5BS
WR1YTCBRJ7,julian hanson,julian.hanson@gmail.com,(878)-440-1277,6DfuG#2P%Tk41GW
1CP6POANML,phillip lambert,phillip.lambert@gmail.com,(165)-005-0246,ed2VmgwpY-HZm%H
9TO8JXNBU2,sue carroll,sue.carroll@gmail.com,(445)-338-7067,jsdXTbx$cnBmYme
RLOIW5RFV6,cassandra burton,cassandra.burton@gmail.com,(157)-447-0022,rE$iNGJcuzUTP4S
IR6YJ4G9FW,seth chambers,seth.chambers@gmail.com,(181)-803-4017,OmlpH3FW&yf1Ltt
L63JX3NRGI,hugh williams,hugh.williams@gmail.com,(637)-981-5495,3uNzJy-zuZ4SPkU
HTC23W7O3F,jamie webb,jamie.webb@gmail.com,(254)-883-5651,QMlILN2miSyNHKF
YNOSGEYR0L,seth burke,seth.burke@gmail.com,(063)-617-3175,j9y@LUIELf7nmW#
6571RNL1DB,danny olson,danny.olson@gmail.com,(496)-676-2399,sKy4we#kf%OySnl
H9DBLBQDU6,debra welch,debra.welch@gmail.com,(994)-906-5509,ye-KT$MQMjx-2C4
12LRKXMXJQ,christy edwards,christy.edwards@gmail.com,(144)-968-1049,OgMcIylr716k!@B
VGMQDRB80E,dwayne lopez,dwayne.lopez@gmail.com,(442)-209-5329,PQTP!o&NhqJDjVX
826UANRM3J,erica lane,erica.lane@gmail.com,(984)-935-9857,dBcFsvhZTIZXcib
PT9MAATCNO,zack spencer,zack.spencer@gmail.com,(058)-306-4746,2oNUPe#50MvZ4Ls
8TM43ST6O3,stacey sanchez,stacey.sanchez@gmail.com,(003)-980-9519,DoYqZbTBqh#&3DQ
Q04SB1486Y,joann romero,joann.romero@gmail.com,(176)-855-5004,hwHxgil#dqdPDpH
FH254GVPRR,rhonda jones,rhonda.jones@gmail.com,(940)-318-3392,NBpP4b%$Vaf1aJD
MFGQG43VQI,pearl tucker,pearl.tucker@gmail.com,(921)-655-8294,6CUqS6Wuplsuxzv
W8HM3OAWYN,pearl pierce,pearl.pierce@gmail.com,(707)-529-2732,KEEDm&s$OF-Gx0T
N9H5ERN6KC,ken bradley,ken.bradley@gmail.com,(349)-807-6600,guB%JZrWxSfZxn#
12BVEI5QS8,regina carpenter,regina.carpenter@gmail.com,(106)-891-1127,QNccW8CnK9RdPLD
SSCUAEWE7N,jill day,jill.day@gmail.com,(412)-332-2894,ji#yM9KyeZtLsaK
TWHJCNPBVX,gerald silva,gerald.silva@gmail.com,(471)-187-0289,rVSriX391IrPHCr
5W72F4V3DD,marcus jimenez,marcus.jimenez@gmail.com,(448)-580-0335,NaB05SDIF08BBc8
CFTOPOWNH9,eric arnold,eric.arnold@gmail.com,(923)-526-2168,YSS!dhRjOQ-h27$
JGJ4NEN4E5,kathy owens,kathy.owens@gmail.com,(765)-017-8678,-mIg!jYv$aXfqUz
A55HYRMYIS,arianna thomas,arianna.thomas@gmail.com,(483)-197-2260,dEsEUTJoyJiXqlt
494SJSVLSO,fred price,fred.price@gmail.com,(906)-388-8095,WdoHWeTpS3-uwK7
Q8H08GHWYP,kelly holt,kelly.holt@gmail.com,(142)-775-8656,7D1@CTJ$nXmmmtY
01TFX4ROFC,ryan holmes,ryan.holmes@gmail.com,(670)-290-6380,e2QSt4B6@3uVkax
E24R7IHB6G,robin cook,robin.cook@gmail.com,(411)-696-9414,yQzQiIc8Q-2UTHX
5WGXJ86E7P,henry campbell,henry.campbell@gmail.com,(590)-423-1735,tBWhuP0ou95Gp8i
XJ4JJV97CT,jenny andrews,jenny.andrews@gmail.com,(670)-706-6035,0F9NSY-kJ1KH&#m
XC4X6DLOGW,gene alvarez,gene.alvarez@gmail.com,(779)-918-3694,ZT%LV@wBFfICu3n
6UGVK0BPHL,oscar bates,oscar.bates@gmail.com,(616)-507-7534,rInZ@NHbJZ8ajWC
188OQL89CD,brad graves,brad.graves@gmail.com,(647)-989-7634,SSpx4Rz0HFlYVNl
1KGJV6WJ1K,melanie morris,melanie.morris@gmail.com,(507)-118-8355,St$58y4Iy-ilvOs
NSM23PXGJF,alexis mccoy,alexis.mccoy@gmail.com,(530)-350-3029,B5drKs5uK4sxApE
P6J7I88YQA,florence moore,florence.moore@gmail.com,(988)-024-2195,NcflOr$uRQJ5xBS
B16MV1O2FU,vanessa ortiz,vanessa.ortiz@gmail.com,(696)-050-5226,G!FrtSK5RJTbxUW
VWAS1J5986,debra gardner,debra.gardner@gmail.com,(602)-777-9071,Mcem0DYFIP7At0j
EJW5LXTYY4,danielle meyer,danielle.meyer@gmail.com,(355)-177-9611,%&sUXUve@YzRX6M
FO3UJG9705,yolanda gomez,yolanda.gomez@gmail.com,(346)-577-7289,AyZzwK5hH6-Zwts
C33HEIIBCH,leonard fernandez,leonard.fernandez@gmail.com,(351)-509-5031,ilNTAa&lLi90-IZ
P1UBLXIQQU,violet howard,violet.howard@gmail.com,(367)-424-9255,DT5C1qNJ8w32Kru
3U0PUJ4YCA,timmothy neal,timmothy.neal@gmail.com,(354)-184-6195,gKSz#jDc9M%#1KM
YBBYB9H560,ruby peters,ruby.peters@gmail.com,(294)-340-0023,0d$Gszdeg4MXuUV
50W0E59B2L,lillian hernandez,lillian.hernandez@gmail.com,(500)-791-5597,iKm%TEeg%J4EVhS
QJ5RLMN5OG,hailey brown,hailey.brown@gmail.com,(245)-801-1125,Gtv1WeWY9@7MG55
29H6A4ER9C,doris rose,doris.rose@gmail.com,(670)-761-0079,jK6EHc0IzfUC3Sv
DN3M5A0KHM,keith rose,keith.rose@gmail.com,(196)-610-1300,R#sjof0fXoeeo5E
XMM6666BP9,lillie fleming,lillie.fleming@gmail.com,(043)-543-4467,!Os0Zu$sqLcNv!F
TAFSF6S6BV,rosa webb,rosa.webb@gmail.com,(145)-430-9878,6S@4F5!X@NsOwbr
53D4B5V7TU,brennan palmer,brennan.palmer@gmail.com,(080)-961-3550,&eIH-WRiJtocFMM
U7D7N5UGHR,caleb stevens,caleb.stevens@gmail.com,(261)-250-0404,&E4QmtyvZ-x-I2Q
K7QKW0UYST,jared shelton,jared.shelton@gmail.com,(730)-514-6756,Mde4L1eBkr5&-Sg
4VTXU0N52Q,ethan lynch,ethan.lynch@gmail.com,(701)-324-0590,8TOdtWf7a##Vbm%
03IHO3HC46,joel stone,joel.stone@gmail.com,(349)-793-2980,qo$PaY9OgTiq42W
915HBKEB1I,ella scott,ella.scott@gmail.com,(420)-492-0074,ZUhZ5vqQJmMUMzH
R6IR4VFREY,danny owens,danny.owens@gmail.com,(292)-718-9529,He$hkg0wEoYPxMq
OLTF9X9CI8,katie owens,katie.owens@gmail.com,(549)-098-4808,tQyS8eHg3WzoFVG
JQQIYQC7AH,zoe wallace,zoe.wallace@gmail.com,(902)-297-1383,wo4YqwschdQKdx8
KFNLC9HTA1,alma grant,alma.grant@gmail.com,(931)-403-6625,A8vLnk6W1E&$x&W
38RKF1YJLY,juanita wallace,juanita.wallace@gmail.com,(092)-255-4752,LaniJWkcq76GBp2
K5TU28173T,sara williams,sara.williams@gmail.com,(221)-301-8015,tBcYt4Br3MRV7km
O65YM3PTOH,eileen robinson,eileen.robinson@gmail.com,(607)-324-7932,f0C%qJWkKUf28d1
BICS7DW1U6,tyler cole,tyler.cole@gmail.com,(386)-134-6300,!Xw@vDPrXgMOOiO
CNY7YPH17W,henry alexander,henry.alexander@gmail.com,(939)-687-7847,USiI8dx$zjzS-6@
NVMX4VPW3K,armando gilbert,armando.gilbert@gmail.com,(622)-724-0759,W@r&PrblSr$T3GU
DN26H2KXRH,herbert vasquez,herbert.vasquez@gmail.com,(953)-157-6519,WeGmvAFzXrFQ@2J
NA7PWS9CE5,wilma sullivan,wilma.sullivan@gmail.com,(477)-959-8468,Wmk1aa8z%#uC3A2
0T6LFOKUQM,chris carlson,chris.carlson@gmail.com,(560)-658-4335,x@%N-WoRrG@EhUE
TOK1LTFW2V,nevaeh castillo,nevaeh.castillo@gmail.com,(183)-978-8192,8itnssryvtkFkvo
STQNPINULD,raymond robertson,raymond.robertson@gmail.com,(922)-413-2270,-ANqdqFMPCpBYRX
91F7SCTKBY,andre medina,andre.medina@gmail.com,(898)-356-1023,kiClPn4Dq1f%uQq
WJQV7QTYCC,roger wade,roger.wade@gmail.com,(375)-549-0021,o1IncUX7U5$&P-n
P7V3D1TK9H,caroline bryant,caroline.bryant@gmail.com,(741)-073-8035,dC755K@0GpRYumg
1JH7U55QST,eugene sutton,eugene.sutton@gmail.com,(689)-202-5382,!%KIzT8Z7xqVS2o
72H0NVG23A,hunter morris,hunter.morris@gmail.com,(061)-123-0676,z6a-My27sGmkOL3
5FYXL8OOQO,janet neal,janet.neal@gmail.com,(214)-604-1094,wYmxSLuN76$chmH
PE6BH859IN,lillian george,lillian.george@gmail.com,(165)-375-7963,&Y2-WxywJN&hPLX
VWWBUS6Q4J,clinton jimenez,clinton.jimenez@gmail.com,(295)-240-9794,l#J-GxXNv&LpkWl
00SBSG0AT2,edward richardson,edward.richardson@gmail.com,(128)-782-2264,MHcYBcM&b1YTW7a
J4Y31OMWIX,jamie richards,jamie.richards@gmail.com,(050)-974-6911,wFg3lfyGyVcVX!D
476H15CCJP,rene rodriguez,rene.rodriguez@gmail.com,(191)-009-9788,h$L&Wk&ykbLpqSD
7W8GYJXL53,todd snyder,todd.snyder@gmail.com,(905)-868-1648,ExE3LCnvL0wxw4t
IPUVE6M6J7,ricky chambers,ricky.chambers@gmail.com,(632)-652-1807,K%r%GjtfDQcHEYD
63M4WFGH49,florence hoffman,florence.hoffman@gmail.com,(038)-553-5036,Ci2NyXEsOQpMe5G
F93NJASDIC,henry hudson,henry.hudson@gmail.com,(495)-645-9336,4RhjuF%Pa&Uhj9N
9CO384W1KY,tara palmer,tara.palmer@gmail.com,(350)-561-1548,a%8Tdn8QnYa7c#4
4BAXHD9N11,wallace flores,wallace.flores@gmail.com,(212)-199-0523,Bbf4Rs@wOj@hT-r
A6YCIFM7TB,lydia fisher,lydia.fisher@gmail.com,(252)-747-3730,wUIKyDHFAVdRkzB
AR72835H4F,levi kelley,levi.kelley@gmail.com,(075)-386-8234,dYSpN-L2PIbFkCG
J6ETVCUUNE,enrique sullivan,enrique.sullivan@gmail.com,(324)-219-8329,RA&0g%aK1rjz!li
SP826ADJMI,harry rose,harry.rose@gmail.com,(447)-877-6868,GZBhw3HO0sC6oFq
EO6G1JXLAI,nicholas schmidt,nicholas.schmidt@gmail.com,(556)-152-8094,OuvI%Et&q0Qb%bQ
56GTI8I23Y,larry ferguson,larry.ferguson@gmail.com,(172)-263-9024,6iGdTk049-CW@vK
2MWXBJF5TF,misty garcia,misty.garcia@gmail.com,(209)-602-7729,qwVD@er%3WVqXU0
QTXR4A9196,celina austin,celina.austin@gmail.com,(507)-796-3086,DAO&KVZd$B6I3IA
18UV9WCNNO,kelly larson,kelly.larson@gmail.com,(021)-927-0103,ckdF%oB-4njwrMU
BDOEH9J3WY,ava cunningham,ava.cunningham@gmail.com,(495)-592-8534,eT5CSl3MYL#IhOd
X50PXVEK9K,bruce garza,bruce.garza@gmail.com,(743)-643-1502,-&@mriXiShh#U!F
33U6XR4KQC,mary martin,mary.martin@gmail.com,(620)-516-4239,NC2#qTXY--K$@Nr
FEIVT7V5ED,bonnie crawford,bonnie.crawford@gmail.com,(785)-735-1136,7agJ4Pc&zHAd!#k
2OKIIQJPS3,nelson soto,nelson.soto@gmail.com,(461)-112-7812,E3nzxb0zB5!%r1@
BBEDVHOCRL,pauline fields,pauline.fields@gmail.com,(661)-904-6542,Qps5&S%jBWgz4wA
FBKBUEWKMU,harvey carpenter,harvey.carpenter@gmail.com,(509)-301-2339,C3mrHua5vnhm-IN
2Y1WKFE136,mia taylor,mia.taylor@gmail.com,(842)-086-6083,5WoaZytzBitJ9Mm
NFFQ3T0DNB,deann gutierrez,deann.gutierrez@gmail.com,(994)-905-4984,XU9nY3VbxlY0t-7
OP52XN9Y7Y,caroline olson,caroline.olson@gmail.com,(963)-980-9987,6sAOdVuTzzPrhao
O8R6QM0B6R,hailey lawson,hailey.lawson@gmail.com,(830)-133-8992,0yKhiyar6klos9H
WI2CD1NYSE,kitty oliver,kitty.oliver@gmail.com,(702)-826-1369,opY5&lwCPnqZE0@
4FIBPTMVOU,pauline gonzalez,pauline.gonzalez@gmail.com,(349)-617-1562,veNPUGifLKDi800
A4Q1YDULG5,rita fowler,rita.fowler@gmail.com,(675)-485-4119,ZSuYlWEn06H-EyV
9JRVOA3KKU,brandie green,brandie.green@gmail.com,(988)-746-0262,Ru0cTDa$j@IhvW&
B62VT0B5SH,juanita gonzales,juanita.gonzales@gmail.com,(221)-376-2425,zt%fcysxp$0AOLA
YVSOBOME0P,harry garcia,harry.garcia@gmail.com,(448)-732-3567,0gT!7pJvCcbkMMc
HDTAVNGQ9L,lillian banks,lillian.banks@gmail.com,(665)-375-9370,LClBYH1EYshSur9
DEYB6J2K3R,taylor flores,taylor.flores@gmail.com,(564)-280-5738,JWg2#$nRaKAkxW$
7YHKRGJSVO,letitia crawford,letitia.crawford@gmail.com,(677)-781-9755,SbE4$42y@#R&2qu
4LCQ2LQGGS,kelly hunter,kelly.hunter@gmail.com,(361)-533-4410,ZAYz@Ljkrul67R0
0TUR3HB5S9,lewis meyer,lewis.meyer@gmail.com,(571)-129-2778,2oSf34etti5-EFK
3SR7JAH6P1,joseph brown,joseph.brown@gmail.com,(432)-904-6932,CECL%dsk&sykB&T
FJUAD8LUK4,lorraine sanders,lorraine.sanders@gmail.com,(683)-669-8579,cRZShTQe5G-rWB6
WR98VNM6LH,gwendolyn watkins,gwendolyn.watkins@gmail.com,(120)-076-3716,VrPHwL78L3ae6mq
YKQO5HKKN2,timmothy ward,timmothy.ward@gmail.com,(290)-709-0886,!-iMPHuuA2jK0Sa
MT6QXPPI3P,walter pierce,walter.pierce@gmail.com,(331)-727-1125,mq7kr8Gdf25HIvl
7YG8QCNRKC,dan holt,dan.holt@gmail.com,(944)-712-0368,ppOML%xF87rfsdy
X01C9YT3HG,sophia webb,sophia.webb@gmail.com,(584)-719-8231,jxrAr@ub$aNRpsg
03OOJIY97P,melanie castillo,melanie.castillo@gmail.com,(732)-174-4470,8Pvb3HJsc6291aJ
5B5RJ3KU4L,lois curtis,lois.curtis@gmail.com,(993)-679-8853,P2cffbu!cJz#9uN
IVE2GIWNJI,roger graham,roger.graham@gmail.com,(873)-775-6527,b6NuEM0ZBZ79EvB
TYQ17B99Y6,joan hoffman,joan.hoffman@gmail.com,(913)-671-7973,9rM9BCpOGnJTP$b
934HD0BD7G,ricardo rhodes,ricardo.rhodes@gmail.com,(132)-678-7577,lX0B$zRmsP43L3O
GDDCKFUAIA,marion franklin,marion.franklin@gmail.com,(824)-953-8872,uEmO9fx#ru$loq@
EWPSHJY9IB,aubree sanchez,aubree.sanchez@gmail.com,(580)-479-1340,sB4yxTjWx6gYWdU
TJ8A46C3EN,claire hansen,claire.hansen@gmail.com,(528)-993-7084,d-ZH5&8uMpB3BY8
QI0E4SQKQ0,brett hansen,brett.hansen@gmail.com,(292)-880-6404,fTcvdxHxxns-4IV
N11JCA50SU,claude gray,claude.gray@gmail.com,(998)-011-4343,ll8XKpJTp26WMrX
MKTMFI1VB8,clinton ruiz,clinton.ruiz@gmail.com,(762)-786-6575,4Y7CZ174S1rdMbX
W1U7DWPQTK,amy carr,amy.carr@gmail.com,(670)-105-8747,n%APaeK-xW654Lz
2ITJ36LLWN,joshua walker,joshua.walker@gmail.com,(959)-806-3509,xrmTONujzsyy#h3
4GWHMM8NE5,gina lawrence,gina.lawrence@gmail.com,(487)-413-2493,jJT8CKIURYDTHcJ
IAW4YQ6QUI,brandie rodriguez,brandie.rodriguez@gmail.com,(239)-444-8867,dwhHDm2WU4lKaS4
D1UFHBC3WO,pedro price,pedro.price@gmail.com,(440)-589-6540,MtuleZozZrgf%MX
C5I9B89XMC,hailey marshall,hailey.marshall@gmail.com,(528)-712-4720,z6!5Oq0SB$918z5
J0OLY9XPT3,mark carpenter,mark.carpenter@gmail.com,(277)-689-8731,aCQgW@Whayh7SV@
JG63OYN7Q1,warren cooper,warren.cooper@gmail.com,(556)-429-8470,Dz7jAQ80#EfBbuv
XGB4DWVUQQ,laurie cruz,laurie.cruz@gmail.com,(885)-921-5452,-0x9f6tu7MOT8ys
G5NGVLRSC1,gary silva,gary.silva@gmail.com,(487)-425-4977,MVlm7a$z05j04ZE
O8WGCEOJFW,justin james,justin.james@gmail.com,(775)-438-9691,H#UEi11-nubaiic
8UXKNB5GUE,jesse scott,jesse.scott@gmail.com,(915)-197-9981,3DdtJlOEWwrQSTg
VGELLTV919,aaron holmes,aaron.holmes@gmail.com,(539)-038-8152,9@JNn6t7IL8LmPw
IWFNCCXG4I,camila king,camila.king@gmail.com,(531)-750-7937,73PUleQA#bFX#kg
C21J69LW3O,harold barnett,harold.barnett@gmail.com,(805)-315-8030,-730KgAQYWK8FM6
6ONTRNAKS7,loretta franklin,loretta.franklin@gmail.com,(181)-123-6049,lscbVkdH%ZuE%jB
9UV6GLXQBY,louella stanley,louella.stanley@gmail.com,(170)-150-1272,3&YEQ&LRUqKNYD-
ORC726I7HL,shannon lane,shannon.lane@gmail.com,(254)-151-7313,PXo7rC#zLoUQ!RS
Y8V623DSM0,ivan harvey,ivan.harvey@gmail.com,(770)-039-1472,f%OwgP2m5NX5std
PIMNN49KG7,jackie vargas,jackie.vargas@gmail.com,(223)-294-3433,p-&c-H@o$v3clnn
IRWTP4S16E,matthew cole,matthew.cole@gmail.com,(426)-921-4901,JSOPZi4xSm%IsEX
I562GJN2K9,zoey lee,zoey.lee@gmail.com,(870)-852-8767,i$Xh-aR#B$Rk26W
4I4G6AUW99,steven bates,steven.bates@gmail.com,(064)-860-4175,N6aRY7xny5uZ&tW
7VPX49TN24,corey fisher,corey.fisher@gmail.com,(870)-256-4804,sVn5IZ8ee%xCsxh
36MW7UG1HB,clinton hicks,clinton.hicks@gmail.com,(830)-233-8945,HM5j31VkYNYe36J
KVH9NICBPX,jar douglas,jar.douglas@gmail.com,(777)-271-3664,4hxdOVuP3#Qnk4c
GF8FVW3KKG,wayne freeman,wayne.freeman@gmail.com,(508)-476-6456,iP#lSKnK0ssRt1S
AHD07OCC3D,dennis sanders,dennis.sanders@gmail.com,(097)-253-3648,y30qP04nL%$dtZg
8OBY8LMQDA,jimmie foster,jimmie.foster@gmail.com,(938)-514-7016,%56fLzyobO8Tt2%
V9VAYRBFT1,wade ramirez,wade.ramirez@gmail.com,(604)-048-6168,USZEDmY&fSH5h#h
FAVS645HJG,taylor dunn,taylor.dunn@gmail.com,(077)-762-9200,bp88IR3PBob6ucM
I9315JQWRK,alicia duncan,alicia.duncan@gmail.com,(425)-146-5353,hNOTM1FRDMNnFWV
Y0M6719WYA,francisco brooks,francisco.brooks@gmail.com,(492)-983-9097,X47he@4Fn7RBgPZ
PYKECXD4ER,martin warren,martin.warren@gmail.com,(106)-150-8900,-NAPZN$MOo0b-tG
PQWWKGFATL,clara ross,clara.ross@gmail.com,(707)-870-8508,1qlV%9wWRv5%3d5
HM2PYOX4FQ,elmer wilson,elmer.wilson@gmail.com,(788)-942-6377,%yowQNX5pWjXnwa
101A34PTXM,elmer wood,elmer.wood@gmail.com,(433)-050-9977,rny9M2DW4PY7J$4
PBPEFS83P1,lucas day,lucas.day@gmail.com,(946)-215-3596,d#SydRb8X$IJZSA
H1H3TX4UQ6,janet carlson,janet.carlson@gmail.com,(437)-536-7856,rrDo&M-YpKPK1NN
0W2JUGXHW2,steve pena,steve.pena@gmail.com,(436)-241-1811,p&etnGJj%arxrE7
N9DU8I3MLI,alberto lawrence,alberto.lawrence@gmail.com,(241)-896-1317,edu8Dz-!9%@vzWo
3X28LV3RS7,lynn mcdonalid,lynn.mcdonalid@gmail.com,(703)-231-6140,e7uJz!LCd#o1smD
UQXW55XTE2,noelle palmer,noelle.palmer@gmail.com,(311)-001-1220,eWU#%vJmb&GKMt$
V9QX10FMXQ,wallace palmer,wallace.palmer@gmail.com,(218)-895-6084,s2HxmVyHwgjdmU0
1HJUAUVQVI,rebecca jenkins,rebecca.jenkins@gmail.com,(013)-794-2598,Jz@k6E$4GPuuRs0
XMX2HSCSA4,courtney spencer,courtney.spencer@gmail.com,(751)-104-7929,!ne9ZdJZMg#4sFf
SWKYEV5TN8,mitchell hopkins,mitchell.hopkins@gmail.com,(314)-592-3299,JVLn!Vzgl0QCFJ&
V56X4C4EQT,lewis kelley,lewis.kelley@gmail.com,(048)-482-1073,J76@j#F2jld$PTj
DOH8W6OM5Y,ruben watkins,ruben.watkins@gmail.com,(017)-190-0741,9zYQq0D!3C07ri0
B0VUCR4EQB,clifford butler,clifford.butler@gmail.com,(305)-626-8742,ba7c@IEO8dD#4cS
65OYDI8WH2,ava west,ava.west@gmail.com,(865)-993-7975,Cwd-aZTiq3zDKTe
EE5P2RS65X,melvin warren,melvin.warren@gmail.com,(882)-628-7132,@HxOs4rWh1&Vpbz
UOS0OOMUYL,reginald foster,reginald.foster@gmail.com,(148)-571-7042,aU-OTLtbme-9%Tf
WS2GL712YI,rita davis,rita.davis@gmail.com,(573)-307-1876,BCtMO-bjt4a5iAr
VASW7QL92U,erika larson,erika.larson@gmail.com,(317)-081-5978,tvSvf5uwgVHfs&-
NVU2EQX6UJ,tony nguyen,tony.nguyen@gmail.com,(118)-040-4927,1RxZm-e0Nb1j1BN
DPPJCGMQLG,tammy banks,tammy.banks@gmail.com,(830)-477-2521,sk&bHwn55OG&tWA
ABLP150G0Y,jessie stewart,jessie.stewart@gmail.com,(890)-498-7502,0SUjjU@qqqz5Dl@
RH2MMGGKN9,rosemary craig,rosemary.craig@gmail.com,(189)-409-6024,6vIYXCcyZjYSDqx
MBS4IIWNDD,antonio howard,antonio.howard@gmail.com,(195)-377-9916,qHtD#A2U7E3WPXk
RB32NUJYG8,darren mckinney,darren.mckinney@gmail.com,(554)-313-5797,lb8r92-ykZV6JRd
67LRHD4F67,hailey nguyen,hailey.nguyen@gmail.com,(717)-262-1868,RFTvYPjw5NAKm%G
ID4K6TBPSP,jimmy flores,jimmy.flores@gmail.com,(798)-590-6467,h%bHO&W-FVz4PXo
0XG02A4OCJ,eileen curtis,eileen.curtis@gmail.com,(276)-336-3515,gPJ&4B5LVg0q#li
I9TQM9C9LJ,darren myers,darren.myers@gmail.com,(811)-850-2243,21RV6hQADPAKGHK
B10P8KWDR5,clifton dunn,clifton.dunn@gmail.com,(771)-398-1323,hOO&-nHPb5p4TrV
NMFY5QY0MI,dwight chapman,dwight.chapman@gmail.com,(768)-830-5161,gbevwCT6p$!oBQc
L2CDI98B5F,amber craig,amber.craig@gmail.com,(152)-250-5594,CHGVrmTMGTgUs50
U6K4XLG5WD,lance snyder,lance.snyder@gmail.com,(862)-432-8814,t#8-uSezyJqDyUC
RHQ2TT6P37,heather baker,heather.baker@gmail.com,(181)-476-9629,e3owWWFVA#WersC
AC6SG9KEX6,derek kim,derek.kim@gmail.com,(532)-929-3113,wHiBMPkrzQD0O&F
HH31S8FPXY,tom welch,tom.welch@gmail.com,(169)-156-6668,iKDweK9TgrK@rA%
K2OXFFHOF9,monica bell,monica.bell@gmail.com,(769)-949-9550,qn-NYmB7cehD27M
SBQRC5H2SV,julia romero,julia.romero@gmail.com,(687)-005-6046,KoEJ&25@ukj8XYj
E8CAMJOBJV,riley gomez,riley.gomez@gmail.com,(323)-150-9124,kN5a4sPB2c47d1h
UIA6C3KNCQ,lisa jordan,lisa.jordan@gmail.com,(104)-195-9453,XKNX%45!S&-BDCq
QS2X3HKX00,jim meyer,jim.meyer@gmail.com,(780)-651-9403,g&rr2gYKaZcGEDA
6NEXWBFGMU,judith turner,judith.turner@gmail.com,(710)-741-0188,wqz@t#Lwmf@ZKhu
6XXCKL0OSB,joyce elliott,joyce.elliott@gmail.com,(004)-850-5478,2X5WYGY$ZNYF46b
1RWLMAQTC8,gordon evans,gordon.evans@gmail.com,(277)-088-7138,l&WlwtJbsuU3757
T7OXUQ6KRQ,serenity bailey,serenity.bailey@gmail.com,(608)-932-9597,0oGqnYlyFA0pOQs
E1V41P9T7R,terra mccoy,terra.mccoy@gmail.com,(359)-343-5301,$kKboluxav4uZtf
B4NR1424H3,marilyn chambers,marilyn.chambers@gmail.com,(035)-737-5888,O-zAWGXm#TIj79y
57QQ0MS53T,clayton castillo,clayton.castillo@gmail.com,(142)-473-3003,aEPT%vh$xyuCAR6
BVR58ILWK9,gavin west,gavin.west@gmail.com,(137)-855-9284,Yuf6T5bwlVy-k2V
XYCQTA486P,kyle jennings,kyle.jennings@gmail.com,(664)-363-1347,9nK$mYU6&WPB@EU
BAEJG0NHWU,tiffany kuhn,tiffany.kuhn@gmail.com,(060)-295-1608,udoiOMRPW1k3x@%
RG0QMAJRE3,renee silva,renee.silva@gmail.com,(053)-896-4546,fpRE-hnv3XMKcGg
KYBE7VGSVP,isaiah jacobs,isaiah.jacobs@gmail.com,(230)-840-2259,Aquyd0o8Fo6sP9b
1UD0UQ0S82,enrique mendoza,enrique.mendoza@gmail.com,(944)-722-6444,tr3&wZ6BrCC!$t8
6UXVL3JL2X,celina carter,celina.carter@gmail.com,(485)-206-9153,igkXLr5s4t76u0#
7NF7C9UTY0,bruce burton,bruce.burton@gmail.com,(203)-943-1453,RxESB4!SIWY9qn3
YWOUTJDM3R,martha bryant,martha.bryant@gmail.com,(774)-096-6273,ZfSkX8IopEBvxl0
WBN3SH2YLP,melvin gray,melvin.gray@gmail.com,(347)-824-0125,sCyVoYKELrp4MTK
V9982BQN1O,nora wilson,nora.wilson@gmail.com,(077)-205-2646,jE75U%X&vVEpzFE
F05ISRN9SJ,wanda curtis,wanda.curtis@gmail.com,(199)-846-9333,lmW#Xe5pF9$v2IF
5A546WT60W,juanita fox,juanita.fox@gmail.com,(777)-077-4255,!6@A7S6%W%z@EAL
9N1DUPCVCT,marie shelton,marie.shelton@gmail.com,(500)-106-6428,%nryXfzkzjC&D8w
IF8CX7MT4O,chloe jones,chloe.jones@gmail.com,(733)-409-2965,NiK90faC2$0%BYM
XFONKK6FAO,david perkins,david.perkins@gmail.com,(459)-530-5467,9dwLgwMa7NUN6zv
EBVJ3TO279,carla armstrong,carla.armstrong@gmail.com,(799)-148-3267,jNAHzaSH2QMe4#E
WMUA602ABM,jane obrien,jane.obrien@gmail.com,(840)-896-0513,#A&-370NkaCVSfm
6URFSBVAUB,arron berry,arron.berry@gmail.com,(052)-329-5860,29OFH4XiomPEZjL
IVY9OSO7BR,nora nichols,nora.nichols@gmail.com,(954)-374-6000,Enrffuo1agu!KLF
L2YK816GUI,claire gregory,claire.gregory@gmail.com,(729)-787-8330,@0pKqRQUnC6!-qS
UG6XLE03CF,zack hoffman,zack.hoffman@gmail.com,(661)-653-7902,t4dfF!H5Z$iuTv8
RMSKUJGPVY,raul griffin,raul.griffin@gmail.com,(724)-137-5796,R6Qsygmtvh4tleR
80E4BD9F7I,martha lawson,martha.lawson@gmail.com,(358)-988-7733,yq!q-#cVhBVKBFs
C02QFGCQ4G,eli kelly,eli.kelly@gmail.com,(732)-026-6515,wDb1AunOd1NN0ts
A8EGYUCTUX,chris kuhn,chris.kuhn@gmail.com,(850)-004-2921,sN#qAY4Hrgm9RZ$
XXPPBBHH0H,reginald steeves ,reginald.steeves.@gmail.com,(003)-859-4372,nX6O6V7M5T8EHwM
O2NPXWANDI,daniel griffin,daniel.griffin@gmail.com,(429)-644-0778,U@Cm1ohhD6a5XY6
5URPD9BARC,claude roberts,claude.roberts@gmail.com,(560)-978-9995,R$iDtruAFUnfJkw
SN9J92WY3U,jar hughes,jar.hughes@gmail.com,(331)-264-6070,i5$hb%Pnckw%8Rs
PFTGE5ROI9,jennie ray,jennie.ray@gmail.com,(526)-089-2235,-AG!Su0f5sqOog1
YG54JR76UC,roy lewis,roy.lewis@gmail.com,(974)-820-9065,UClMHuZMaPzd53H
34D4UCAS1W,walter carpenter,walter.carpenter@gmail.com,(389)-939-3487,U1lw4hb-Hhhc$Xm
UPHF2948U5,pedro kelley,pedro.kelley@gmail.com,(932)-154-7748,hU5pdzPXt9r3lIc
QIOSEQPB4R,tara porter,tara.porter@gmail.com,(197)-430-3470,rUZwAc0creVnZmR
EVXLV8V0FG,eileen lynch,eileen.lynch@gmail.com,(209)-592-7936,6MJ!CNaNju&MTOX
J2WRQSVQ7I,jeanette jackson,jeanette.jackson@gmail.com,(595)-134-4960,7i5vC2Z-n1Ym0IL
MTO9PLMQTP,dean washington,dean.washington@gmail.com,(256)-795-0442,hYKzqC%1!GCVB#h
UEN2NUEI99,cecil hayes,cecil.hayes@gmail.com,(566)-472-4929,u1baEbA-g-QIRja
LVMAHLHASL,kevin murphy,kevin.murphy@gmail.com,(585)-337-9356,OLyTZRTE7Z$GGYa
AJ2VJ9H5EP,alicia howell,alicia.howell@gmail.com,(901)-306-6096,XlmpCMZ7S@j397B
CBOWADQG9G,darren gonzales,darren.gonzales@gmail.com,(171)-544-0304,GzdzTpe&BWbx-Rh
H0S52UL5YU,kristina brooks,kristina.brooks@gmail.com,(415)-686-9007,3AQGKc6AuJ!8VHC
IXQWTDHE2G,ruby brooks,ruby.brooks@gmail.com,(634)-240-9767,-u4Twisuxo9KX3A
9BEH2CD9JE,norman fleming,norman.fleming@gmail.com,(402)-532-3415,Cj1qZ4TgzXq5Scq
DUOSO6C20O,joy gregory,joy.gregory@gmail.com,(621)-075-9493,h%TInzLAkI87wYO
8V7H2CQ4EK,charles reed,charles.reed@gmail.com,(251)-719-8547,HzatyHF6rBY$LP8
HK7SF7N1YA,ken nelson,ken.nelson@gmail.com,(867)-521-3890,kZ5CyCazY02oqXf
79PLRQFBNK,peyton powell,peyton.powell@gmail.com,(514)-676-5492,T4zlsa%dEE#LDIL
3H2UUK5B0T,judd hudson,judd.hudson@gmail.com,(711)-154-7305,rHfAvLp$V153833
WJJHRL9EVH,michelle cox,michelle.cox@gmail.com,(961)-244-1733,rmjqLY45G6WbGIc
BPI2P5S08X,jackie boyd,jackie.boyd@gmail.com,(694)-005-7549,#WdmAfv3zPqL2KX
VTM455BRCV,ramon terry,ramon.terry@gmail.com,(891)-699-9961,J#6gc#h!Y-0p$V4
S55943YJJ6,chris lowe,chris.lowe@gmail.com,(846)-670-3023,4X%DfoYrzX4t7JZ
98PEIK0QEI,michael bradley,michael.bradley@gmail.com,(683)-259-8009,A7Nn0kN!WJHco$s
FFV1IW083Q,ralph welch,ralph.welch@gmail.com,(174)-420-1935,nV#furTCqOxE6$e
G410YDTQX0,christy thomas,christy.thomas@gmail.com,(000)-658-4451,!q-@bvkYfXKO7o%
839QEK87IM,clarence banks,clarence.banks@gmail.com,(646)-036-8442,lozdh9Ipwuu&hFS
OIR5NGRX6Q,zoey lee,zoey.lee@gmail.com,(629)-026-8872,cWnXrZj!lolk18D
OHYLWEFNDD,lillie peterson,lillie.peterson@gmail.com,(790)-716-9213,nBEUJpPBWqAg5GZ
8MDH892P4G,layla fox,layla.fox@gmail.com,(047)-093-3139,W8fNXrxg$dpVNIS
J6RICV6E4O,perry williamson,perry.williamson@gmail.com,(990)-152-5121,bIhH$oC#L4kIRlu
H7C81EEU9W,fernando allen,fernando.allen@gmail.com,(157)-954-1108,%uAXbfMk1yThz7R
PTFYFIE77A,herman dunn,herman.dunn@gmail.com,(432)-767-0357,d&HBcRvuCvRy9lK
3IADST71D8,ava grant,ava.grant@gmail.com,(647)-357-7748,f3&XFUntsXiuGeC
8OCGB8VXWP,megan griffin,megan.griffin@gmail.com,(818)-927-7343,HsTT5CabwmIf#ub
74SU1UTJRX,stephen collins,stephen.collins@gmail.com,(502)-324-5061,Lc@!SB##l6cp@Qk
H6118NN0YH,kelly harrison,kelly.harrison@gmail.com,(511)-048-5972,!SYhv!gUx6PS%yy
ENVLVPO3U2,elijah kelley,elijah.kelley@gmail.com,(470)-586-9876,jj%MsXjThWBaNgT
8CFH66SVWV,francisco wells,francisco.wells@gmail.com,(980)-568-0960,48bV2&bRph&Ou-E
VDR5PXWX3S,keith brooks,keith.brooks@gmail.com,(376)-043-7518,4F4eyBsrEa@txaz
P7B73KGWES,deanna stewart,deanna.stewart@gmail.com,(357)-619-9139,CuR0%YIZOitlXvo
WTPLAL4121,alex west,alex.west@gmail.com,(384)-859-2722,LxLTyYTzxUi%NmI
8KYN9KX7JM,nicholas schmidt,nicholas.schmidt@gmail.com,(940)-261-1867,EKcD#6w8e2ab1qJ
092H6BQPCN,derek meyer,derek.meyer@gmail.com,(496)-875-3651,QUXofaO2W%bSand
UWJAU03HMO,julia ortiz,julia.ortiz@gmail.com,(409)-433-2296,uhFSZluAld4LVu3
YBOOOS9MB2,rachel williams,rachel.williams@gmail.com,(392)-574-3098,s1dN4n!SLgjNi1#
BX7S5STUWK,kelly mitchell,kelly.mitchell@gmail.com,(796)-681-8290,Y5fWN!Ed$DSDRyv
F97RPGNNX8,rose austin,rose.austin@gmail.com,(280)-944-1902,kmDK44nWsq9zb@P
TT2YE4D53G,gladys moreno,gladys.moreno@gmail.com,(637)-324-8208,2p-JVUAL@ar2Z3G
DDQS1NGBL9,norman evans,norman.evans@gmail.com,(347)-122-9720,j#c3V@0qDgTYLL1
1WEL86BG2Q,camila wells,camila.wells@gmail.com,(179)-487-1350,rf6sHHCgBY#5fow
DGBGNUFO89,beth olson,beth.olson@gmail.com,(987)-216-9738,eNFQK$WwGo!pUJY
0G1EXK75A8,salvador dixon,salvador.dixon@gmail.com,(817)-763-8636,ZbsfD6t5Smnjc$I
X254N3IOFN,alex freeman,alex.freeman@gmail.com,(202)-817-5504,&9##X@cp#A&aT%O
IXW76PQW4T,sara martinez,sara.martinez@gmail.com,(114)-028-9847,WNZdHwNWhS%ZhTL
XAWUCOS3X7,joseph little,joseph.little@gmail.com,(168)-247-8613,2HJ@fSP8nDID2d-
B1J4UJW51T,ramona berry,ramona.berry@gmail.com,(134)-590-6207,jFbE0uaIZ57!HKF
POOLSGSG1U,letitia howard,letitia.howard@gmail.com,(621)-503-6486,$54YrCm#MgGdSUx
IS1DG7H9DA,ryan davis,ryan.davis@gmail.com,(514)-165-8674,DqpTeY-crm98#V4
HOE4H8LLK1,anna brooks,anna.brooks@gmail.com,(912)-415-8337,Zlt84gl@e6bNi38
HF5KJF8VR1,cathy willis,cathy.willis@gmail.com,(505)-983-4859,ZK-En9&Wiwj#kA9
HK5U9TR2K8,candice mitchell,candice.mitchell@gmail.com,(600)-159-5893,mJ0veXAmIjhmoUu
PT55UA8A0X,jim mitchell,jim.mitchell@gmail.com,(391)-897-6943,3r!3oxGeW5w5Xi9
Q2FG90II53,barry torres,barry.torres@gmail.com,(106)-342-6634,mgTePOWj0!f5zRi
Q2EXK2YDER,dora carlson,dora.carlson@gmail.com,(142)-933-0925,iS1Eqnald9HOzl9
O4OKLWY78R,evelyn wagner,evelyn.wagner@gmail.com,(360)-430-6708,&gGbmTwjPIFUJZ#
AMWXTO08PQ,tomothy bennett,tomothy.bennett@gmail.com,(863)-749-9152,7tw4EhX6WfVatZt
WKOJLG8TQ3,roy soto,roy.soto@gmail.com,(825)-474-4075,4jFnfKtx2a%#7a0
XAYM7TJ9NO,tommy watson,tommy.watson@gmail.com,(999)-432-7752,VND8mOUTvI-jYyQ
DX5LVA9IYO,bryan barrett,bryan.barrett@gmail.com,(764)-118-9387,dnXvLz%qqF65iTz
9L0N77KKCS,brittany black,brittany.black@gmail.com,(407)-846-6739,&ktm-J8RMI-Y19Q
4GFADJRNMC,dennis chapman,dennis.chapman@gmail.com,(494)-183-6510,MDF2WCAol07v4oj
NHIS9K0G3K,sandra fields,sandra.fields@gmail.com,(133)-024-4020,AlVHPzpj$HHsm58
O63GXA7UUT,joyce sutton,joyce.sutton@gmail.com,(714)-037-4579,V26h4MIqdbm4pbJ
T1VQ5B1NQB,zachary pena,zachary.pena@gmail.com,(570)-802-1237,qwoPbALOuFSSCd&
3Q5497CV53,mildred green,mildred.green@gmail.com,(935)-642-3501,sYEPnGS%QJ9ph@a
ODY3VWPLC3,terry simmons,terry.simmons@gmail.com,(695)-567-1347,cXAyTa889kSuZKT
7BGNC8G9UH,kelly warren,kelly.warren@gmail.com,(335)-994-2479,W-L9JwSYWdK8OJf
IWOF7SDUQN,beverly west,beverly.west@gmail.com,(674)-905-3291,XFPF9@cqlQXppri
UGVWIJD4U5,sandra hale,sandra.hale@gmail.com,(481)-140-5225,dqeOKpWEr9HK%15
MKYG5GUNYH,christy lawson,christy.lawson@gmail.com,(745)-674-9131,$%UaBn%EzuBH#xe
76NS7QRMSF,cherly lawrence,cherly.lawrence@gmail.com,(667)-927-6420,JQx#fC6BjcSBdnf
GXPMS68136,beverly campbell,beverly.campbell@gmail.com,(874)-552-7420,CAtTbb-76V!E8hh
KW3XHDGN8X,christina soto,christina.soto@gmail.com,(249)-530-0783,a7%80h6hkeLXhT#
0TCR8GKMQL,joe byrd,joe.byrd@gmail.com,(227)-598-1159,h6VLcAw%wg@w67T
6IGBCFSYA7,eduardo lowe,eduardo.lowe@gmail.com,(163)-207-3572,cOTqz@FwB5cg!kP
AO3QMQFEFQ,liam hawkins,liam.hawkins@gmail.com,(570)-411-7359,qJjt9TZ3#3e8D#D
IATY0WRXM5,hannah woods,hannah.woods@gmail.com,(471)-312-0758,P@RcfeedxLOdOrp
4WUU1OGK22,mattie wilson,mattie.wilson@gmail.com,(697)-157-2395,8PbF1TUdzRIO@mD
UVLTNJHRGY,nathaniel torres,nathaniel.torres@gmail.com,(003)-543-1446,!$OpDgu5%4Va&@E
48MFOBCOKX,jacob perkins,jacob.perkins@gmail.com,(221)-689-6122,RMVi@ktE#3O9Epb
Y22YJEVUXR,letitia perez,letitia.perez@gmail.com,(854)-910-4107,SU8R6MGe3brEsaF
2NU585SX9N,sergio bennett,sergio.bennett@gmail.com,(302)-433-0268,Bf7GC9PMq@ye1Ei
5NGTNRLMC3,emily richards,emily.richards@gmail.com,(575)-113-9272,aVWhRY%B-TFta9s
CUGU78K8Y0,audrey pearson,audrey.pearson@gmail.com,(496)-638-3130,D30A0VOC$pbOD@!
HF1GKDI9VU,bradley neal,bradley.neal@gmail.com,(178)-041-8361,puOg5GT5#ACAO9H
