F7HWLFV0W9,2635 homestead rd salt lake city wisconsin 57139
F7HWLFV0W9,7928 w belt line rd madison new jersey 88046
OGTAGFRE5N,4977 e sandy lake rd winston–salem montana 11399
RJ5J6XOAH9,6035 lakeview st west palm beach maryland 47533
RJ5J6XOAH9,8969 parker rd downey arkansas 30089
WEA5PTY3MP,8644 dane st corona minnesota 59688
S1YD6SMWKJ,943 robinson rd allentown idaho 59222
S1YD6SMWKJ,9978 spring st forney iowa 65113
Y59SHQF3R2,5857 spring st clarksville maine 51184
2VPTOVRCVW,9069 miller ave milwaukee oklahoma 32223
2VPTOVRCVW,1899 eason rd lakewood indiana 27797
BF9VU5I984,3469 n stelling rd baton rouge california 50139
BF9VU5I984,5286 college st lousville maryland 20884
I42TSSAMUY,1577 thornridge cir savannah florida 38370
SM7LAJLSTF,5717 college st corpus christi massachusetts 41920
T2O77OEVU1,9715 mockingbird hill clearwater louisiana 55941
T2O77OEVU1,1163 harrison ct omaha oregon 71155
Y6UMOX7S2V,9909 e sandy lake rd fontana mississippi 39963
Y6UMOX7S2V,8576 walnut hill ln houston mississippi 12657
7LJ53CRYYU,1871 w gray st roanoke california 98866
7LJ53CRYYU,6672 westheimer rd hialeah washington 70787
WXV6O1ACIL,9399 taylor st berkeley maine 54591
WXV6O1ACIL,1007 country club rd north charleston texas 33260
JT1YF6D5MD,7264 valwood pkwy davenport kentucky 26397
BPRD499442,9267 brown terrace coppell maryland 70114
67YVW1V8L6,3861 e sandy lake rd new haven california 47479
67YVW1V8L6,1926 woodland st norman washington 50550
P0TDEOAXRG,8490 depaul dr santa maria hawaii 74226
P0TDEOAXRG,1453 photinia ave green bay oklahoma 47651
OQSG0SOCB5,1122 groveland terrace palmdale indiana 97406
OQSG0SOCB5,1004 woodland st athens iowa 38019
D3OJ348R6K,3398 crockett st amarillo pennsylvania 25644
5B4VNXPD5N,4507 prospect rd hamsburg california 85406
SKP7SEFIOI,7414 woodland st ironville wisconsin 92041
03NC5COXNR,3698 mockingbird ln vernon massachusetts 23590
07U7U4GM0R,5673 harrison ct broken arrow west virginia 27655
WNB32OB3IC,2193 saddle dr cincinnati oklahoma 77598
X7KTWG5NPE,5450 homestead rd desoto tennessee 74325
G5P656TF51,7694 w campbell ave coral springs south carolina 97203
BOAOEYCVPT,156 westheimer rd las vegas massachusetts 99893
BOAOEYCVPT,7858 samaritan dr sioux falls oregon 92555
9L93K4YR6J,81 mcclellan rd cape fear maryland 36670
B4OV91U00D,4674 plum st hartford north carolina 14538
JRKU2BVNTJ,7351 n stelling rd waco mississippi 96560
JRKU2BVNTJ,2711 lovers ln edison connecticut 14701
5DCDRURSC1,5895 e sandy lake rd huntington beach illinois 34676
XBGBJXK9HJ,1631 w gray st ontario oklahoma 83571
XBGBJXK9HJ,5885 prospect rd colorado springs south dakota 77655
EGV5E63MG4,838 w dallas st hialeah california 45306
EGV5E63MG4,2695 hickory creek dr rialto missouri 45013
C6STH5T83G,4084 parker rd warren west virginia 18083
C6STH5T83G,1360 wheeler ridge dr moscow wyoming 80326
JD34P85LTM,7907 rolling green rd bernalillo alabama 11034
T66EHRLKJ2,4270 prospect rd des moines indiana 71720
T66EHRLKJ2,2637 lone wolf trail kent north carolina 55936
AQ360DMD4P,4633 hamilton ave sunnyvale new jersey 79426
4NEA05LTP8,7757 oak lawn ave palm bay missouri 81554
AS08YW7EOG,9259 mcclellan rd aubrey indiana 54587
RWQ2S9LALF,7270 pockrus page rd fresno nevada 69397
RWQ2S9LALF,3928 edwards rd oklahoma city west virginia 81194
TOMXAJ7N4D,3800 spring hill rd nashville wisconsin 24754
TOMXAJ7N4D,669 karen dr lansing oklahoma 64357
5QQITLD19C,4889 prospect rd los lunas mississippi 26201
DRAQ08SVU0,5409 e little york rd miami ohio 60190
DRAQ08SVU0,5119 spring hill rd bernalillo colorado 61278
W868GRC6US,6116 spring st lincoln mississippi 73746
D0LUKTKXQI,559 lone wolf trail roseburg michigan 14278
O3V623ULGX,8157 white oak dr ventura new hampshire 39692
O3V623ULGX,3295 lakeview st corona new hampshire 58876
Y0U4X8T9PF,9297 fairview st westminster colorado 96230
0CGJXD8NYH,8455 hickory creek dr springfield arkansas 59206
WR1YTCBRJ7,8663 homestead rd lancaster tennessee 59670
WR1YTCBRJ7,7532 w belt line rd las cruces washington 86976
1CP6POANML,1039 oak lawn ave lowell oregon 22797
1CP6POANML,1997 camden ave augusta north carolina 28547
9TO8JXNBU2,28 northaven rd beaumont connecticut 41431
RLOIW5RFV6,3913 camden ave st. louis iowa 11449
RLOIW5RFV6,6150 bruce st albuquerque alabama 28387
IR6YJ4G9FW,8230 e north st hollywood colorado 82604
L63JX3NRGI,1575 lone wolf trail utica washington 65443
L63JX3NRGI,5712 locust rd edison north dakota 14384
HTC23W7O3F,1601 mcgowen st clarksville alabama 47876
HTC23W7O3F,6158 mcclellan rd flint georgia 63695
YNOSGEYR0L,8777 e sandy lake rd caldwell missouri 43799
6571RNL1DB,7100 spring st ennis new mexico 68689
6571RNL1DB,6410 pecan acres ln waterbury ohio 61525
H9DBLBQDU6,847 miller ave allentown louisiana 30364
H9DBLBQDU6,7735 forest ln odessa louisiana 17421
12LRKXMXJQ,9476 hogan st lousville north dakota 51790
12LRKXMXJQ,4985 oak ridge ln killeen wyoming 50554
VGMQDRB80E,1232 valley view ln provo maine 40166
826UANRM3J,9055 hickory creek dr boise west virginia 47450
PT9MAATCNO,4670 mcgowen st corona florida 25747
8TM43ST6O3,7988 first street jackson colorado 34925
Q04SB1486Y,2512 taylor st murrieta idaho 83334
FH254GVPRR,5586 hamilton ave college station michigan 88308
FH254GVPRR,500 thornridge cir vernon virginia 30618
MFGQG43VQI,2608 harrison ct irving texas 40505
MFGQG43VQI,9918 w pecan st akron tennessee 90375
W8HM3OAWYN,8034 green rd peoria colorado 93424
N9H5ERN6KC,1050 cackson st tucson south dakota 12800
12BVEI5QS8,6328 daisy dr duncanville pennsylvania 39785
12BVEI5QS8,5167 first street tacoma illinois 90895
SSCUAEWE7N,5769 walnut hill ln saint paul arizona 38382
TWHJCNPBVX,9426 central st pembroke pines north dakota 24966
5W72F4V3DD,8427 country club rd amarillo connecticut 82444
CFTOPOWNH9,418 saddle dr tallahassee new mexico 58895
CFTOPOWNH9,7624 stevens creek blvd santa rosa minnesota 33712
JGJ4NEN4E5,3765 timber wolf trail buffalo kansas 64211
JGJ4NEN4E5,5059 oak ridge ln elgin minnesota 45415
A55HYRMYIS,1545 w belt line rd virginia beach utah 66386
A55HYRMYIS,4301 pockrus page rd brownsville south carolina 51457
494SJSVLSO,876 stevens creek blvd seymour illinois 93903
Q8H08GHWYP,7431 mcclellan rd simi valley pennsylvania 81652
Q8H08GHWYP,568 bruce st clarksville tennessee 68542
01TFX4ROFC,8821 oak ridge ln lowell new mexico 96893
01TFX4ROFC,3351 ash dr oklahoma city washington 49428
E24R7IHB6G,2009 hickory creek dr winston–salem new hampshire 18818
5WGXJ86E7P,1973 mcclellan rd princeton alabama 90146
5WGXJ86E7P,4267 w belt line rd beaumont montana 43273
XJ4JJV97CT,938 elgin st centennial missouri 86210
XC4X6DLOGW,59 w dallas st birmingham pennsylvania 94117
XC4X6DLOGW,5303 mockingbird ln shreveport wyoming 46162
6UGVK0BPHL,849 crockett st las vegas nevada 65486
188OQL89CD,410 sunset st fort wayne washington 61046
188OQL89CD,2920 w pecan st corona north carolina 27524
1KGJV6WJ1K,1041 w pecan st salinas tennessee 11133
NSM23PXGJF,9188 forest ln milwaukee louisiana 50566
NSM23PXGJF,4013 bollinger rd woodbridge maine 77101
P6J7I88YQA,7566 hogan st port st. lucie tennessee 76380
B16MV1O2FU,4186 prospect rd dayton delaware 82955
VWAS1J5986,2944 ash dr costa mesa massachusetts 18530
EJW5LXTYY4,6334 edwards rd amarillo georgia 22845
FO3UJG9705,8307 locust rd seymour wyoming 11106
C33HEIIBCH,3999 w campbell ave alexandria kansas 65781
P1UBLXIQQU,2797 avondale ave bueblo montana 21808
3U0PUJ4YCA,8748 central st boston ohio 57295
YBBYB9H560,9384 lakeview st denver west virginia 37977
50W0E59B2L,1886 spring st sterling heights nebraska 86011
50W0E59B2L,5541 w gray st costa mesa north dakota 67041
QJ5RLMN5OG,7356 white oak dr yakima tennessee 25239
29H6A4ER9C,3342 w gray st thornton south dakota 81466
29H6A4ER9C,1089 fincher rd pearland oklahoma 20133
DN3M5A0KHM,3213 walnut hill ln new orleans minnesota 59920
XMM6666BP9,6448 walnut hill ln fontana california 86243
TAFSF6S6BV,8759 washington ave surrey mississippi 70473
TAFSF6S6BV,5120 ranchview dr surrey vermont 53764
53D4B5V7TU,2928 fairview st centennial pennsylvania 10664
53D4B5V7TU,5959 frances ct coppell delaware 48516
U7D7N5UGHR,3052 w dallas st jacksonville delaware 71469
K7QKW0UYST,117 poplar dr rochmond texas 46020
K7QKW0UYST,5643 country club rd green bay north dakota 83789
4VTXU0N52Q,4032 karen dr moreno valley south carolina 18720
4VTXU0N52Q,3016 timber wolf trail jacksonville florida 37036
03IHO3HC46,1921 pecan acres ln port st. lucie pennsylvania 86761
03IHO3HC46,8956 hamilton ave pompano beach oregon 66771
915HBKEB1I,5356 railroad st davenport arkansas 30767
915HBKEB1I,2599 crockett st richmond michigan 43171
R6IR4VFREY,5029 rolling green rd ontario tennessee 65191
R6IR4VFREY,1437 valwood pkwy thousand oaks oklahoma 61543
OLTF9X9CI8,4258 railroad st madison vermont 30506
JQQIYQC7AH,4868 nowlin rd vallejo arkansas 96622
JQQIYQC7AH,5419 sunset st oceanside montana 54570
KFNLC9HTA1,1851 cherry st norfolk idaho 46033
38RKF1YJLY,4029 hickory creek dr oklahoma city ohio 33709
K5TU28173T,4406 blossom hill rd spokane kansas 21186
K5TU28173T,592 n stelling rd fargo utah 37804
O65YM3PTOH,2632 e sandy lake rd naperville minnesota 65578
BICS7DW1U6,9288 forest ln norfolk wyoming 60921
BICS7DW1U6,4868 stevens creek blvd fort worth massachusetts 65693
CNY7YPH17W,6965 forest ln san jose maryland 90721
CNY7YPH17W,4397 e north st elgin massachusetts 86407
NVMX4VPW3K,233 daisy dr oakland minnesota 67893
NVMX4VPW3K,4558 blossom hill rd oakland georgia 40157
DN26H2KXRH,6182 wycliff ave clarksville south carolina 64603
DN26H2KXRH,893 robinson rd cincinnati california 17011
NA7PWS9CE5,903 n stelling rd grapevine nebraska 21082
0T6LFOKUQM,8698 edwards rd mcallen minnesota 42097
TOK1LTFW2V,6723 e little york rd medford maine 81907
TOK1LTFW2V,1125 wycliff ave rockford maryland 79561
STQNPINULD,3054 timber wolf trail garland kansas 12120
STQNPINULD,451 mockingbird ln houston massachusetts 65841
91F7SCTKBY,3135 lone wolf trail coppell massachusetts 92271
91F7SCTKBY,1963 groveland terrace carrollton west virginia 99748
WJQV7QTYCC,9208 valwood pkwy broken arrow massachusetts 17665
WJQV7QTYCC,5432 oak lawn ave killeen mississippi 66962
P7V3D1TK9H,3465 nowlin rd fountain valley texas 70056
1JH7U55QST,2644 cherry st huntsville kansas 81654
72H0NVG23A,2404 bollinger rd santa ana texas 67670
72H0NVG23A,8952 white oak dr odessa idaho 15602
5FYXL8OOQO,8087 blossom hill rd coppell florida 28027
5FYXL8OOQO,6294 hunters creek dr grants pass pennsylvania 43819
PE6BH859IN,4791 miller ave olathe texas 62593
PE6BH859IN,4653 blossom hill rd brownsville maryland 40696
VWWBUS6Q4J,1965 royal ln spokane maryland 71843
00SBSG0AT2,4361 mockingbird ln daly city california 19004
00SBSG0AT2,3218 marsh ln buffalo alabama 50713
J4Y31OMWIX,5149 e sandy lake rd costa mesa montana 61430
476H15CCJP,5506 poplar dr newark south dakota 40775
7W8GYJXL53,9567 daisy dr irving hawaii 67729
IPUVE6M6J7,462 mcgowen st rochmond georgia 53469
63M4WFGH49,1193 mcclellan rd odessa wyoming 81133
63M4WFGH49,2315 blossom hill rd columbus maine 74300
F93NJASDIC,3465 w sherman dr thousand oaks north dakota 29055
F93NJASDIC,1169 hunters creek dr provo rhode island 58639
9CO384W1KY,5702 railroad st clearwater kansas 67953
9CO384W1KY,9859 elgin st ontario illinois 18143
4BAXHD9N11,5979 e pecan st boise maryland 19151
A6YCIFM7TB,3563 lovers ln mesquite idaho 10327
A6YCIFM7TB,6204 daisy dr miami oregon 30696
AR72835H4F,7280 shady ln dr newark new jersey 78832
J6ETVCUUNE,3279 oak ridge ln flint wyoming 45177
SP826ADJMI,1782 spring st mcallen maryland 93665
EO6G1JXLAI,1897 wycliff ave los angeles new jersey 20592
56GTI8I23Y,2649 e center st corpus christi colorado 86287
56GTI8I23Y,5075 w belt line rd waco kentucky 81057
2MWXBJF5TF,2964 blossom hill rd lancaster delaware 87343
2MWXBJF5TF,5168 harrison ct berkeley west virginia 67198
QTXR4A9196,9196 saddle dr desoto west virginia 77257
QTXR4A9196,4472 bollinger rd port st. lucie wisconsin 59174
18UV9WCNNO,7807 bollinger rd st. petersburg kansas 73846
BDOEH9J3WY,7642 plum st detroit colorado 38379
X50PXVEK9K,6635 w campbell ave pomona alaska 92277
33U6XR4KQC,631 photinia ave grand prairie arizona 62680
FEIVT7V5ED,3590 mcclellan rd lansing ohio 76027
2OKIIQJPS3,8577 saddle dr colorado springs alaska 49339
2OKIIQJPS3,6559 e north st long beach west virginia 12548
BBEDVHOCRL,5639 lakeview st augusta wyoming 88386
FBKBUEWKMU,7136 nowlin rd north valley oklahoma 62430
FBKBUEWKMU,3998 thornridge cir louisville colorado 22097
2Y1WKFE136,6060 first street arvada indiana 42571
NFFQ3T0DNB,5824 w gray st costa mesa florida 26675
OP52XN9Y7Y,8103 walnut hill ln york mississippi 22101
O8R6QM0B6R,1115 woodland st los lunas alabama 93445
WI2CD1NYSE,4369 bruce st garland montana 81519
WI2CD1NYSE,9539 adams st riverside south carolina 68299
4FIBPTMVOU,6733 sunset st billings vermont 37646
4FIBPTMVOU,7727 marsh ln addison montana 41574
A4Q1YDULG5,1860 bollinger rd duncanville california 72485
9JRVOA3KKU,7155 ranchview dr hayward connecticut 69993
9JRVOA3KKU,8896 harrison ct wichita falls montana 99006
B62VT0B5SH,3506 thornridge cir santa maria south dakota 69307
B62VT0B5SH,3334 oak ridge ln mcallen minnesota 72349
YVSOBOME0P,8654 bruce st inglewood west virginia 34807
YVSOBOME0P,5668 e center st henderson arkansas 29166
HDTAVNGQ9L,4882 stevens creek blvd henderson wyoming 46459
HDTAVNGQ9L,3710 cackson st antioch louisiana 62760
DEYB6J2K3R,7540 w 6th st garden grove south dakota 36289
7YHKRGJSVO,921 prospect rd akron kansas 41290
7YHKRGJSVO,5745 pecan acres ln el cajon missouri 19492
4LCQ2LQGGS,2782 elgin st corona hawaii 45714
0TUR3HB5S9,340 e center st st. louis louisiana 27771
0TUR3HB5S9,4746 washington ave thornton pennsylvania 45391
3SR7JAH6P1,1291 e center st fontana michigan 37839
3SR7JAH6P1,7114 valwood pkwy escondido wisconsin 69026
FJUAD8LUK4,3193 dane st los angeles vermont 77870
FJUAD8LUK4,3105 college st buffalo maryland 79701
WR98VNM6LH,3342 westheimer rd fontana iowa 32304
WR98VNM6LH,7831 elgin st chattanooga arizona 93282
YKQO5HKKN2,8092 oak lawn ave flowermound arkansas 95533
YKQO5HKKN2,4681 bruce st murfreesboro connecticut 59658
MT6QXPPI3P,4501 rolling green rd hamsburg alabama 64319
MT6QXPPI3P,893 miller ave charlotte north carolina 20398
7YG8QCNRKC,9905 spring st eugene utah 75589
X01C9YT3HG,8711 wycliff ave omaha nevada 37909
03OOJIY97P,3615 westheimer rd costa mesa missouri 69943
03OOJIY97P,2489 samaritan dr lewisville colorado 23661
5B5RJ3KU4L,1940 nowlin rd tempe washington 12555
IVE2GIWNJI,2780 central st round rock mississippi 22285
TYQ17B99Y6,4412 dane st las cruces georgia 82975
TYQ17B99Y6,7469 smokey ln rockford alabama 95263
934HD0BD7G,3564 edwards rd springfield oregon 12715
934HD0BD7G,356 adams st clarksville maine 49111
GDDCKFUAIA,6400 miller ave springfield alaska 70227
GDDCKFUAIA,8676 nowlin rd eugene nebraska 44056
EWPSHJY9IB,5573 hickory creek dr fort lauderdale vermont 83582
TJ8A46C3EN,2471 dane st fort collins new mexico 61038
QI0E4SQKQ0,5801 northaven rd davenport delaware 68772
N11JCA50SU,1373 railroad st fremont illinois 58978
N11JCA50SU,3398 w gray st milwaukee louisiana 41828
MKTMFI1VB8,9511 shady ln dr oxnard oregon 15318
MKTMFI1VB8,1010 w 6th st great falls texas 32420
W1U7DWPQTK,8772 crockett st seattle maryland 75962
2ITJ36LLWN,8993 eason rd richmond idaho 92047
2ITJ36LLWN,1151 w sherman dr celina idaho 77645
4GWHMM8NE5,6210 railroad st plano south carolina 60182
4GWHMM8NE5,8467 daisy dr redding wyoming 87394
IAW4YQ6QUI,2941 plum st roseville hawaii 64094
IAW4YQ6QUI,3892 eason rd victorville virginia 71329
D1UFHBC3WO,6148 preston rd wichita south dakota 97888
C5I9B89XMC,1949 lovers ln seymour oregon 70815
J0OLY9XPT3,6595 spring st belen north dakota 36366
JG63OYN7Q1,9019 locust rd richardson california 53860
JG63OYN7Q1,2830 w sherman dr elgin florida 62004
XGB4DWVUQQ,8195 e little york rd tulsa south dakota 81765
XGB4DWVUQQ,5104 james st scottsdale arizona 39714
G5NGVLRSC1,7197 e sandy lake rd oakland wisconsin 73543
G5NGVLRSC1,9786 e little york rd detroit new mexico 71425
O8WGCEOJFW,7832 smokey ln chesapeake alaska 34577
8UXKNB5GUE,5172 royal ln irvine wyoming 10831
8UXKNB5GUE,9689 forest ln boulder indiana 14176
VGELLTV919,9148 railroad st utica montana 31877
IWFNCCXG4I,2774 harrison ct dallas oregon 41559
C21J69LW3O,7789 parker rd denver texas 20905
C21J69LW3O,9411 wycliff ave rochmond virginia 96189
6ONTRNAKS7,8204 cherry st yakima utah 80194
9UV6GLXQBY,1942 lakeview st fresno rhode island 28977
9UV6GLXQBY,1578 hogan st san diego wisconsin 66013
ORC726I7HL,1586 crockett st high point ohio 85117
ORC726I7HL,4935 woodland st redding minnesota 45889
Y8V623DSM0,3933 e pecan st huntington beach wyoming 48887
PIMNN49KG7,5084 thornridge cir newport news montana 91526
PIMNN49KG7,8598 mockingbird hill west jordan nevada 59034
IRWTP4S16E,3346 ash dr salinas vermont 87195
IRWTP4S16E,8593 saddle dr celina oklahoma 45553
I562GJN2K9,1542 harrison ct glendale delaware 65026
4I4G6AUW99,9357 mcgowen st palmdale north dakota 27113
7VPX49TN24,8965 taylor st lubbock oregon 38466
7VPX49TN24,3477 edwards rd jackson kansas 66428
36MW7UG1HB,5348 spring hill rd santa clarita alaska 12596
36MW7UG1HB,3502 e center st tulsa new york 10607
KVH9NICBPX,340 oak lawn ave red oak georgia 92272
KVH9NICBPX,3287 camden ave wilmington virginia 10020
GF8FVW3KKG,7100 locust rd dayton north carolina 18643
GF8FVW3KKG,6662 e little york rd mesa maine 27012
AHD07OCC3D,4674 w belt line rd carrollton california 83101
8OBY8LMQDA,4795 harrison ct flint south dakota 20924
V9VAYRBFT1,6727 karen dr jackson michigan 57604
V9VAYRBFT1,144 spring st yakima georgia 36734
FAVS645HJG,4985 prospect rd phoenix georgia 95834
I9315JQWRK,9299 rolling green rd huntington beach montana 87876
Y0M6719WYA,7080 oak ridge ln corpus christi missouri 52882
Y0M6719WYA,4634 preston rd bellevue north carolina 26497
PYKECXD4ER,1389 parker rd green bay iowa 85388
PYKECXD4ER,7719 brown terrace newark alaska 30119
PQWWKGFATL,4585 fincher rd gilbert washington 57191
HM2PYOX4FQ,1867 elgin st north valley colorado 99274
101A34PTXM,7803 eason rd fort lauderdale oregon 72782
101A34PTXM,8519 w sherman dr hayward mississippi 36371
PBPEFS83P1,196 white oak dr el monte maryland 65934
PBPEFS83P1,9083 pecan acres ln shiloh alaska 58977
H1H3TX4UQ6,1671 hickory creek dr new orleans kansas 31427
H1H3TX4UQ6,1384 paddock way rochmond texas 23540
0W2JUGXHW2,1327 w belt line rd montgomery maryland 73518
N9DU8I3MLI,998 pecan acres ln alexandria new mexico 41313
3X28LV3RS7,68 ranchview dr oceanside oklahoma 61499
UQXW55XTE2,9365 locust rd college station missouri 46639
UQXW55XTE2,8550 woodland st new york iowa 94875
V9QX10FMXQ,9269 james st lewisville oklahoma 95373
1HJUAUVQVI,1136 rolling green rd lexington new jersey 48149
XMX2HSCSA4,5022 lakeshore rd roseburg south carolina 79163
SWKYEV5TN8,217 northaven rd van alstyne nebraska 71852
V56X4C4EQT,8561 oak lawn ave columbus ohio 78544
DOH8W6OM5Y,4757 country club rd orlando new york 88000
DOH8W6OM5Y,6739 groveland terrace corpus christi florida 36229
B0VUCR4EQB,4650 spring hill rd irving missouri 12825
65OYDI8WH2,9210 e center st west valley city iowa 16868
EE5P2RS65X,5509 karen dr waterbury maine 26909
UOS0OOMUYL,4109 camden ave ironville minnesota 62692
WS2GL712YI,6130 w gray st stamford indiana 44311
VASW7QL92U,9397 nowlin rd dayton minnesota 99136
NVU2EQX6UJ,6069 lakeview st salem illinois 79942
NVU2EQX6UJ,4487 ash dr little rock iowa 93532
DPPJCGMQLG,4807 paddock way syracuse arizona 25651
ABLP150G0Y,6781 blossom hill rd denton missouri 50838
RH2MMGGKN9,3930 hunters creek dr st. petersburg alaska 42984
RH2MMGGKN9,3401 homestead rd bozeman rhode island 37284
MBS4IIWNDD,2311 fincher rd garden grove vermont 94754
MBS4IIWNDD,4780 spring hill rd rochmond wyoming 34954
RB32NUJYG8,458 woodland st oakland connecticut 47731
67LRHD4F67,1650 hogan st riverside mississippi 52611
ID4K6TBPSP,9865 rolling green rd irving massachusetts 37902
0XG02A4OCJ,1365 hogan st minneapolis wisconsin 92342
0XG02A4OCJ,8496 e little york rd lafayette arizona 78595
I9TQM9C9LJ,2592 westheimer rd el paso north carolina 57928
I9TQM9C9LJ,117 robinson rd pompano beach virginia 81715
B10P8KWDR5,1923 mockingbird ln charlotte idaho 21526
B10P8KWDR5,1200 shady ln dr eugene idaho 64992
NMFY5QY0MI,8065 wycliff ave chandler delaware 53221
L2CDI98B5F,8135 wycliff ave grand rapids alabama 46704
L2CDI98B5F,4434 robinson rd fresno new york 71950
U6K4XLG5WD,9030 ranchview dr miramar maine 98892
U6K4XLG5WD,554 taylor st portland hawaii 95468
RHQ2TT6P37,2197 elgin st louisville connecticut 43003
RHQ2TT6P37,3780 saddle dr hollywood montana 87554
AC6SG9KEX6,3894 harrison ct altoona vermont 21609
HH31S8FPXY,9516 w sherman dr mesquite idaho 46985
HH31S8FPXY,1685 pecan acres ln elk grove texas 26906
K2OXFFHOF9,2715 avondale ave henderson iowa 20246
SBQRC5H2SV,3894 poplar dr topeka florida 32347
SBQRC5H2SV,3666 ranchview dr wilmington ohio 48705
E8CAMJOBJV,7924 photinia ave denver tennessee 43115
E8CAMJOBJV,1772 shady ln dr the colony maryland 33796
UIA6C3KNCQ,6825 forest ln omaha idaho 99358
QS2X3HKX00,7041 adams st davenport missouri 65954
QS2X3HKX00,7577 daisy dr frisco wisconsin 65368
6NEXWBFGMU,8208 w belt line rd knoxville iowa 34611
6NEXWBFGMU,1188 daisy dr shiloh new york 62991
6XXCKL0OSB,5028 e north st san bernardino missouri 97080
1RWLMAQTC8,8419 preston rd rialto wyoming 41986
T7OXUQ6KRQ,9019 cackson st boulder tennessee 77639
T7OXUQ6KRQ,1021 ash dr louisville south dakota 93088
E1V41P9T7R,7484 hamilton ave el paso minnesota 70568
B4NR1424H3,6132 poplar dr mesa vermont 27072
57QQ0MS53T,3647 woodland st newport news vermont 37858
BVR58ILWK9,1509 w sherman dr irvine wyoming 98792
XYCQTA486P,3588 crockett st antioch vermont 93101
BAEJG0NHWU,8521 crockett st south bend arizona 11040
BAEJG0NHWU,8837 white oak dr surrey utah 23310
RG0QMAJRE3,92 plum st lousville missouri 79095
RG0QMAJRE3,5253 taylor st port st. lucie arizona 48543
KYBE7VGSVP,9173 oak ridge ln oakland florida 13784
KYBE7VGSVP,5213 oak lawn ave naperville pennsylvania 10813
1UD0UQ0S82,5916 parker rd kansas city wyoming 78861
6UXVL3JL2X,6996 w sherman dr eugene utah 22064
7NF7C9UTY0,9543 miller ave west palm beach pennsylvania 23965
YWOUTJDM3R,1178 mcclellan rd st. louis alabama 97408
YWOUTJDM3R,5329 samaritan dr the colony virginia 25498
WBN3SH2YLP,2062 blossom hill rd rialto ohio 71262
WBN3SH2YLP,7477 central st oklahoma city new york 22837
V9982BQN1O,7285 shady ln dr tucson mississippi 62802
F05ISRN9SJ,2094 n stelling rd los lunas connecticut 62248
5A546WT60W,4347 walnut hill ln topeka mississippi 59527
5A546WT60W,7666 country club rd red oak georgia 73882
9N1DUPCVCT,9481 lovers ln san jose maine 33133
IF8CX7MT4O,4310 harrison ct boulder massachusetts 47766
XFONKK6FAO,4675 locust rd pueblo arizona 61589
XFONKK6FAO,8821 w 6th st garland arkansas 96722
EBVJ3TO279,4971 walnut hill ln brownsville nevada 25732
EBVJ3TO279,7257 w 6th st norman south carolina 78358
WMUA602ABM,6603 central st edgewood utah 27711
6URFSBVAUB,7379 e sandy lake rd mobile new mexico 86504
IVY9OSO7BR,4229 hillcrest rd shelby kentucky 20354
L2YK816GUI,167 hickory creek dr centennial virginia 75241
UG6XLE03CF,6999 harrison ct columbia wisconsin 71804
RMSKUJGPVY,8655 valley view ln hampton missouri 52497
80E4BD9F7I,2191 wheeler ridge dr lancaster wisconsin 54657
80E4BD9F7I,3393 stevens creek blvd spokane california 45628
C02QFGCQ4G,9120 elgin st saint paul alaska 96266
C02QFGCQ4G,3723 avondale ave scottsdale kansas 30605
A8EGYUCTUX,3366 cherry st spokane south dakota 63519
A8EGYUCTUX,8200 depaul dr vallejo florida 77536
XXPPBBHH0H,2192 cackson st surrey texas 69809
XXPPBBHH0H,4059 timber wolf trail chandler new mexico 15066
O2NPXWANDI,2299 dane st surrey south dakota 38121
5URPD9BARC,216 bruce st ann arbor missouri 38757
SN9J92WY3U,9846 oak ridge ln carrollton new york 76379
PFTGE5ROI9,485 central st rio rancho montana 56044
PFTGE5ROI9,2744 e sandy lake rd van alstyne minnesota 76221
YG54JR76UC,1599 e little york rd edgewood illinois 38119
YG54JR76UC,6183 bollinger rd gainesville alaska 98691
34D4UCAS1W,694 karen dr clearwater wisconsin 47784
34D4UCAS1W,5750 dogwood ave evansville idaho 20546
UPHF2948U5,8496 pecan acres ln las vegas north dakota 65181
QIOSEQPB4R,6935 cherry st hollywood hawaii 89561
QIOSEQPB4R,3415 e pecan st las cruces florida 70863
EVXLV8V0FG,3195 homestead rd surrey massachusetts 21407
EVXLV8V0FG,550 samaritan dr new haven louisiana 41391
J2WRQSVQ7I,5009 valley view ln winston–salem arizona 10093
J2WRQSVQ7I,9447 ash dr mesquite north dakota 89304
MTO9PLMQTP,1931 robinson rd rockford montana 11496
UEN2NUEI99,4952 forest ln huntington beach arkansas 17624
UEN2NUEI99,5162 oak ridge ln flowermound massachusetts 68216
LVMAHLHASL,1262 frances ct alexandria maine 63405
LVMAHLHASL,6702 spring st boston new jersey 57292
AJ2VJ9H5EP,3626 lakeshore rd hartford nebraska 98088
CBOWADQG9G,9733 country club rd philadelphia nevada 70011
CBOWADQG9G,4611 depaul dr lewiston minnesota 35005
H0S52UL5YU,804 ash dr albany idaho 91946
H0S52UL5YU,6674 sunset st allen missouri 37968
IXQWTDHE2G,8819 james st topeka idaho 87015
IXQWTDHE2G,4467 hamilton ave caldwell washington 89183
9BEH2CD9JE,608 lone wolf trail las vegas louisiana 76115
9BEH2CD9JE,9042 parker rd raleigh south carolina 22571
DUOSO6C20O,9561 lovers ln palm bay hawaii 57218
DUOSO6C20O,8458 n stelling rd high point kansas 68899
8V7H2CQ4EK,3845 brown terrace stamford pennsylvania 38797
HK7SF7N1YA,9252 photinia ave baltimore hawaii 38638
79PLRQFBNK,8747 prospect rd north charleston vermont 95145
3H2UUK5B0T,1141 blossom hill rd laredo nebraska 31417
3H2UUK5B0T,8449 thornridge cir rochmond vermont 41379
WJJHRL9EVH,7218 timber wolf trail murrieta north dakota 37835
WJJHRL9EVH,6653 dogwood ave forney colorado 51356
BPI2P5S08X,4781 rolling green rd tyler utah 28015
VTM455BRCV,180 country club rd vallejo nebraska 18344
VTM455BRCV,71 spring st orange nevada 38332
S55943YJJ6,1302 frances ct raleigh arkansas 94276
S55943YJJ6,7683 e north st port st. lucie florida 74079
98PEIK0QEI,5288 forest ln centennial idaho 30227
FFV1IW083Q,1948 dogwood ave boulder west virginia 99929
FFV1IW083Q,7160 rolling green rd sioux falls kansas 71481
G410YDTQX0,7874 wheeler ridge dr eugene new york 80719
839QEK87IM,1517 prospect rd tempe maryland 81357
OIR5NGRX6Q,462 first street helena oklahoma 41317
OIR5NGRX6Q,3396 eason rd chicago wisconsin 39965
OHYLWEFNDD,6167 harrison ct hollywood nevada 30375
8MDH892P4G,2307 spring st syracuse washington 71368
J6RICV6E4O,123 valwood pkwy norwalk georgia 15897
H7C81EEU9W,1738 miller ave syracuse oregon 77232
PTFYFIE77A,3276 stevens creek blvd tulsa alaska 35107
3IADST71D8,1251 hickory creek dr waterbury south carolina 55922
8OCGB8VXWP,2031 spring st saginaw georgia 99717
74SU1UTJRX,468 lone wolf trail cupertino tennessee 46323
74SU1UTJRX,4974 n stelling rd roanoke louisiana 82736
H6118NN0YH,912 poplar dr boise maine 69939
ENVLVPO3U2,1020 e center st north valley wisconsin 77553
ENVLVPO3U2,5368 w pecan st long beach ohio 69039
8CFH66SVWV,9270 e north st springfield massachusetts 96916
8CFH66SVWV,9482 harrison ct belen iowa 61939
VDR5PXWX3S,4632 hillcrest rd chattanooga michigan 80100
P7B73KGWES,6115 timber wolf trail west covina oregon 22318
WTPLAL4121,5778 avondale ave irvine tennessee 26852
8KYN9KX7JM,297 pockrus page rd richmond virginia 81824
092H6BQPCN,3009 mockingbird hill boulder new york 14264
UWJAU03HMO,27 pecan acres ln el paso florida 56153
UWJAU03HMO,2754 spring st frisco utah 25977
YBOOOS9MB2,198 e little york rd woodbridge washington 69202
BX7S5STUWK,6760 ash dr honolulu florida 95821
F97RPGNNX8,4995 wheeler ridge dr woodbridge colorado 66309
TT2YE4D53G,1259 washington ave augusta south carolina 19315
TT2YE4D53G,7531 daisy dr columbia mississippi 52641
DDQS1NGBL9,909 n stelling rd temecula alaska 44533
1WEL86BG2Q,7842 mcgowen st bueblo alaska 39869
DGBGNUFO89,5388 oak ridge ln stamford new jersey 75998
DGBGNUFO89,3582 photinia ave grants pass south dakota 95305
0G1EXK75A8,4204 hickory creek dr edison new jersey 61347
0G1EXK75A8,7168 first street beaumont iowa 80758
X254N3IOFN,429 walnut hill ln ann arbor missouri 56175
X254N3IOFN,8393 parker rd cambridge washington 78011
IXW76PQW4T,5242 homestead rd orange new hampshire 25404
IXW76PQW4T,7662 dogwood ave north las vegas california 21883
XAWUCOS3X7,3190 camden ave richmond new mexico 52204
B1J4UJW51T,1229 college st aubrey connecticut 41322
B1J4UJW51T,5254 plum st killeen oklahoma 53321
POOLSGSG1U,2919 mockingbird ln anna arkansas 73182
POOLSGSG1U,9302 taylor st laredo virginia 28388
IS1DG7H9DA,8580 lakeview st costa mesa california 35879
IS1DG7H9DA,2033 frances ct madison new hampshire 25278
HOE4H8LLK1,3946 sunset st independence nevada 18458
HF5KJF8VR1,6212 eason rd west valley city alaska 50236
HF5KJF8VR1,8145 mockingbird hill santa clarita washington 84857
HK5U9TR2K8,2027 thornridge cir tallahassee louisiana 28602
HK5U9TR2K8,8171 avondale ave joliet new hampshire 97927
PT55UA8A0X,8526 wheeler ridge dr hialeah utah 88011
PT55UA8A0X,7313 elgin st mesquite idaho 53069
Q2FG90II53,7447 stevens creek blvd anna maine 91443
Q2EXK2YDER,297 rolling green rd nampa south carolina 80631
O4OKLWY78R,3838 daisy dr philadelphia california 88219
O4OKLWY78R,4354 spring st frederick north dakota 37886
AMWXTO08PQ,1702 spring st louisville connecticut 33602
WKOJLG8TQ3,3759 spring st cape fear arkansas 68578
WKOJLG8TQ3,813 locust rd knoxville north carolina 55951
XAYM7TJ9NO,8416 daisy dr birmingham california 66725
DX5LVA9IYO,4201 sunset st cary minnesota 67817
9L0N77KKCS,4639 royal ln allen ohio 23736
4GFADJRNMC,8922 preston rd sunnyvale oregon 71560
4GFADJRNMC,9727 locust rd reno arkansas 28837
NHIS9K0G3K,1705 homestead rd iowa park massachusetts 82368
O63GXA7UUT,2876 cherry st fort worth massachusetts 53176
T1VQ5B1NQB,6076 daisy dr waxahachie louisiana 70853
3Q5497CV53,4527 lakeshore rd new haven alabama 24177
3Q5497CV53,5860 wycliff ave murfreesboro connecticut 83454
ODY3VWPLC3,2977 saddle dr green bay maryland 26499
7BGNC8G9UH,3385 dane st port st. lucie north dakota 79386
7BGNC8G9UH,8726 e north st jackson wisconsin 24508
IWOF7SDUQN,3282 college st allentown louisiana 98428
IWOF7SDUQN,1590 spring hill rd louisville arizona 66565
UGVWIJD4U5,467 bollinger rd rochmond south carolina 15937
UGVWIJD4U5,8455 mcclellan rd san francisco new jersey 24651
MKYG5GUNYH,8232 w gray st north las vegas new jersey 10053
MKYG5GUNYH,2941 w sherman dr billings wyoming 24564
76NS7QRMSF,6040 wycliff ave el paso south dakota 63399
GXPMS68136,7970 depaul dr richmond oregon 81978
GXPMS68136,9236 spring st warren west virginia 79807
KW3XHDGN8X,7255 rolling green rd jersey city maine 64643
0TCR8GKMQL,9146 dogwood ave palm bay maryland 67281
0TCR8GKMQL,6071 bollinger rd stamford north carolina 76380
6IGBCFSYA7,6374 oak lawn ave pittsburgh kentucky 89986
6IGBCFSYA7,7757 bruce st green bay south dakota 23230
AO3QMQFEFQ,3683 forest ln stanley hawaii 41352
AO3QMQFEFQ,7293 w campbell ave hampton arizona 51918
IATY0WRXM5,2366 e center st lubbock washington 95099
IATY0WRXM5,7504 saddle dr ann arbor idaho 83343
4WUU1OGK22,4696 westheimer rd pasadena new mexico 63487
UVLTNJHRGY,7054 harrison ct los angeles georgia 99912
UVLTNJHRGY,1657 bruce st redding montana 99728
48MFOBCOKX,7777 edwards rd phoenix pennsylvania 13135
Y22YJEVUXR,1255 royal ln kansas city florida 23561
2NU585SX9N,6236 camden ave fremont wisconsin 69917
2NU585SX9N,8858 wycliff ave nashville wisconsin 37520
5NGTNRLMC3,5398 fincher rd red oak new hampshire 10715
CUGU78K8Y0,5976 wheeler ridge dr st. louis oregon 44529
HF1GKDI9VU,3059 mcgowen st pomona arizona 57348
